ID,Value
1,Data1
2,Data2
3,Data3
4,Data4
5,Data5
6,Data6
7,Data7
8,Data8
9,Data9
10,Data10
11,Data11
12,Data12
13,Data13
14,Data14
15,Data15
16,Data16
17,Data17
18,Data18
19,Data19
20,Data20
21,Data21
22,Data22
23,Data23
24,Data24
25,Data25
26,Data26
27,Data27
28,Data28
29,Data29
30,Data30
31,Data31
32,Data32
33,Data33
34,Data34
35,Data35
36,Data36
37,Data37
38,Data38
39,Data39
40,Data40
41,Data41
42,Data42
43,Data43
44,Data44
45,Data45
46,Data46
47,Data47
48,Data48
49,Data49
50,Data50
51,Data51
52,Data52
53,Data53
54,Data54
55,Data55
56,Data56
57,Data57
58,Data58
59,Data59
60,Data60
61,Data61
62,Data62
63,Data63
64,Data64
65,Data65
66,Data66
67,Data67
68,Data68
69,Data69
70,Data70
71,Data71
72,Data72
73,Data73
74,Data74
75,Data75
76,Data76
77,Data77
78,Data78
79,Data79
80,Data80
81,Data81
82,Data82
83,Data83
84,Data84
85,Data85
86,Data86
87,Data87
88,Data88
89,Data89
90,Data90
91,Data91
92,Data92
93,Data93
94,Data94
95,Data95
96,Data96
97,Data97
98,Data98
99,Data99
100,Data100
101,Data101
102,Data102
103,Data103
104,Data104
105,Data105
106,Data106
107,Data107
108,Data108
109,Data109
110,Data110
111,Data111
112,Data112
113,Data113
114,Data114
115,Data115
116,Data116
117,Data117
118,Data118
119,Data119
120,Data120
121,Data121
122,Data122
123,Data123
124,Data124
125,Data125
126,Data126
127,Data127
128,Data128
129,Data129
130,Data130
131,Data131
132,Data132
133,Data133
134,Data134
135,Data135
136,Data136
137,Data137
138,Data138
139,Data139
140,Data140
141,Data141
142,Data142
143,Data143
144,Data144
145,Data145
146,Data146
147,Data147
148,Data148
149,Data149
150,Data150
151,Data151
152,Data152
153,Data153
154,Data154
155,Data155
156,Data156
157,Data157
158,Data158
159,Data159
160,Data160
161,Data161
162,Data162
163,Data163
164,Data164
165,Data165
166,Data166
167,Data167
168,Data168
169,Data169
170,Data170
171,Data171
172,Data172
173,Data173
174,Data174
175,Data175
176,Data176
177,Data177
178,Data178
179,Data179
180,Data180
181,Data181
182,Data182
183,Data183
184,Data184
185,Data185
186,Data186
187,Data187
188,Data188
189,Data189
190,Data190
191,Data191
192,Data192
193,Data193
194,Data194
195,Data195
196,Data196
197,Data197
198,Data198
199,Data199
200,Data200
201,Data201
202,Data202
203,Data203
204,Data204
205,Data205
206,Data206
207,Data207
208,Data208
209,Data209
210,Data210
211,Data211
212,Data212
213,Data213
214,Data214
215,Data215
216,Data216
217,Data217
218,Data218
219,Data219
220,Data220
221,Data221
222,Data222
223,Data223
224,Data224
225,Data225
226,Data226
227,Data227
228,Data228
229,Data229
230,Data230
231,Data231
232,Data232
233,Data233
234,Data234
235,Data235
236,Data236
237,Data237
238,Data238
239,Data239
240,Data240
241,Data241
242,Data242
243,Data243
244,Data244
245,Data245
246,Data246
247,Data247
248,Data248
249,Data249
250,Data250
251,Data251
252,Data252
253,Data253
254,Data254
255,Data255
256,Data256
257,Data257
258,Data258
259,Data259
260,Data260
261,Data261
262,Data262
263,Data263
264,Data264
265,Data265
266,Data266
267,Data267
268,Data268
269,Data269
270,Data270
271,Data271
272,Data272
273,Data273
274,Data274
275,Data275
276,Data276
277,Data277
278,Data278
279,Data279
280,Data280
281,Data281
282,Data282
283,Data283
284,Data284
285,Data285
286,Data286
287,Data287
288,Data288
289,Data289
290,Data290
291,Data291
292,Data292
293,Data293
294,Data294
295,Data295
296,Data296
297,Data297
298,Data298
299,Data299
300,Data300
301,Data301
302,Data302
303,Data303
304,Data304
305,Data305
306,Data306
307,Data307
308,Data308
309,Data309
310,Data310
311,Data311
312,Data312
313,Data313
314,Data314
315,Data315
316,Data316
317,Data317
318,Data318
319,Data319
320,Data320
321,Data321
322,Data322
323,Data323
324,Data324
325,Data325
326,Data326
327,Data327
328,Data328
329,Data329
330,Data330
331,Data331
332,Data332
333,Data333
334,Data334
335,Data335
336,Data336
337,Data337
338,Data338
339,Data339
340,Data340
341,Data341
342,Data342
343,Data343
344,Data344
345,Data345
346,Data346
347,Data347
348,Data348
349,Data349
350,Data350
351,Data351
352,Data352
353,Data353
354,Data354
355,Data355
356,Data356
357,Data357
358,Data358
359,Data359
360,Data360
361,Data361
362,Data362
363,Data363
364,Data364
365,Data365
366,Data366
367,Data367
368,Data368
369,Data369
370,Data370
371,Data371
372,Data372
373,Data373
374,Data374
375,Data375
376,Data376
377,Data377
378,Data378
379,Data379
380,Data380
381,Data381
382,Data382
383,Data383
384,Data384
385,Data385
386,Data386
387,Data387
388,Data388
389,Data389
390,Data390
391,Data391
392,Data392
393,Data393
394,Data394
395,Data395
396,Data396
397,Data397
398,Data398
399,Data399
400,Data400
401,Data401
402,Data402
403,Data403
404,Data404
405,Data405
406,Data406
407,Data407
408,Data408
409,Data409
410,Data410
411,Data411
412,Data412
413,Data413
414,Data414
415,Data415
416,Data416
417,Data417
418,Data418
419,Data419
420,Data420
421,Data421
422,Data422
423,Data423
424,Data424
425,Data425
426,Data426
427,Data427
428,Data428
429,Data429
430,Data430
431,Data431
432,Data432
433,Data433
434,Data434
435,Data435
436,Data436
437,Data437
438,Data438
439,Data439
440,Data440
441,Data441
442,Data442
443,Data443
444,Data444
445,Data445
446,Data446
447,Data447
448,Data448
449,Data449
450,Data450
451,Data451
452,Data452
453,Data453
454,Data454
455,Data455
456,Data456
457,Data457
458,Data458
459,Data459
460,Data460
461,Data461
462,Data462
463,Data463
464,Data464
465,Data465
466,Data466
467,Data467
468,Data468
469,Data469
470,Data470
471,Data471
472,Data472
473,Data473
474,Data474
475,Data475
476,Data476
477,Data477
478,Data478
479,Data479
480,Data480
481,Data481
482,Data482
483,Data483
484,Data484
485,Data485
486,Data486
487,Data487
488,Data488
489,Data489
490,Data490
491,Data491
492,Data492
493,Data493
494,Data494
495,Data495
496,Data496
497,Data497
498,Data498
499,Data499
500,Data500
501,Data501
502,Data502
503,Data503
504,Data504
505,Data505
506,Data506
507,Data507
508,Data508
509,Data509
510,Data510
511,Data511
512,Data512
513,Data513
514,Data514
515,Data515
516,Data516
517,Data517
518,Data518
519,Data519
520,Data520
521,Data521
522,Data522
523,Data523
524,Data524
525,Data525
526,Data526
527,Data527
528,Data528
529,Data529
530,Data530
531,Data531
532,Data532
533,Data533
534,Data534
535,Data535
536,Data536
537,Data537
538,Data538
539,Data539
540,Data540
541,Data541
542,Data542
543,Data543
544,Data544
545,Data545
546,Data546
547,Data547
548,Data548
549,Data549
550,Data550
551,Data551
552,Data552
553,Data553
554,Data554
555,Data555
556,Data556
557,Data557
558,Data558
559,Data559
560,Data560
561,Data561
562,Data562
563,Data563
564,Data564
565,Data565
566,Data566
567,Data567
568,Data568
569,Data569
570,Data570
571,Data571
572,Data572
573,Data573
574,Data574
575,Data575
576,Data576
577,Data577
578,Data578
579,Data579
580,Data580
581,Data581
582,Data582
583,Data583
584,Data584
585,Data585
586,Data586
587,Data587
588,Data588
589,Data589
590,Data590
591,Data591
592,Data592
593,Data593
594,Data594
595,Data595
596,Data596
597,Data597
598,Data598
599,Data599
600,Data600
601,Data601
602,Data602
603,Data603
604,Data604
605,Data605
606,Data606
607,Data607
608,Data608
609,Data609
610,Data610
611,Data611
612,Data612
613,Data613
614,Data614
615,Data615
616,Data616
617,Data617
618,Data618
619,Data619
620,Data620
621,Data621
622,Data622
623,Data623
624,Data624
625,Data625
626,Data626
627,Data627
628,Data628
629,Data629
630,Data630
631,Data631
632,Data632
633,Data633
634,Data634
635,Data635
636,Data636
637,Data637
638,Data638
639,Data639
640,Data640
641,Data641
642,Data642
643,Data643
644,Data644
645,Data645
646,Data646
647,Data647
648,Data648
649,Data649
650,Data650
651,Data651
652,Data652
653,Data653
654,Data654
655,Data655
656,Data656
657,Data657
658,Data658
659,Data659
660,Data660
661,Data661
662,Data662
663,Data663
664,Data664
665,Data665
666,Data666
667,Data667
668,Data668
669,Data669
670,Data670
671,Data671
672,Data672
673,Data673
674,Data674
675,Data675
676,Data676
677,Data677
678,Data678
679,Data679
680,Data680
681,Data681
682,Data682
683,Data683
684,Data684
685,Data685
686,Data686
687,Data687
688,Data688
689,Data689
690,Data690
691,Data691
692,Data692
693,Data693
694,Data694
695,Data695
696,Data696
697,Data697
698,Data698
699,Data699
700,Data700
701,Data701
702,Data702
703,Data703
704,Data704
705,Data705
706,Data706
707,Data707
708,Data708
709,Data709
710,Data710
711,Data711
712,Data712
713,Data713
714,Data714
715,Data715
716,Data716
717,Data717
718,Data718
719,Data719
720,Data720
721,Data721
722,Data722
723,Data723
724,Data724
725,Data725
726,Data726
727,Data727
728,Data728
729,Data729
730,Data730
731,Data731
732,Data732
733,Data733
734,Data734
735,Data735
736,Data736
737,Data737
738,Data738
739,Data739
740,Data740
741,Data741
742,Data742
743,Data743
744,Data744
745,Data745
746,Data746
747,Data747
748,Data748
749,Data749
750,Data750
751,Data751
752,Data752
753,Data753
754,Data754
755,Data755
756,Data756
757,Data757
758,Data758
759,Data759
760,Data760
761,Data761
762,Data762
763,Data763
764,Data764
765,Data765
766,Data766
767,Data767
768,Data768
769,Data769
770,Data770
771,Data771
772,Data772
773,Data773
774,Data774
775,Data775
776,Data776
777,Data777
778,Data778
779,Data779
780,Data780
781,Data781
782,Data782
783,Data783
784,Data784
785,Data785
786,Data786
787,Data787
788,Data788
789,Data789
790,Data790
791,Data791
792,Data792
793,Data793
794,Data794
795,Data795
796,Data796
797,Data797
798,Data798
799,Data799
800,Data800
801,Data801
802,Data802
803,Data803
804,Data804
805,Data805
806,Data806
807,Data807
808,Data808
809,Data809
810,Data810
811,Data811
812,Data812
813,Data813
814,Data814
815,Data815
816,Data816
817,Data817
818,Data818
819,Data819
820,Data820
821,Data821
822,Data822
823,Data823
824,Data824
825,Data825
826,Data826
827,Data827
828,Data828
829,Data829
830,Data830
831,Data831
832,Data832
833,Data833
834,Data834
835,Data835
836,Data836
837,Data837
838,Data838
839,Data839
840,Data840
841,Data841
842,Data842
843,Data843
844,Data844
845,Data845
846,Data846
847,Data847
848,Data848
849,Data849
850,Data850
851,Data851
852,Data852
853,Data853
854,Data854
855,Data855
856,Data856
857,Data857
858,Data858
859,Data859
860,Data860
861,Data861
862,Data862
863,Data863
864,Data864
865,Data865
866,Data866
867,Data867
868,Data868
869,Data869
870,Data870
871,Data871
872,Data872
873,Data873
874,Data874
875,Data875
876,Data876
877,Data877
878,Data878
879,Data879
880,Data880
881,Data881
882,Data882
883,Data883
884,Data884
885,Data885
886,Data886
887,Data887
888,Data888
889,Data889
890,Data890
891,Data891
892,Data892
893,Data893
894,Data894
895,Data895
896,Data896
897,Data897
898,Data898
899,Data899
900,Data900
901,Data901
902,Data902
903,Data903
904,Data904
905,Data905
906,Data906
907,Data907
908,Data908
909,Data909
910,Data910
911,Data911
912,Data912
913,Data913
914,Data914
915,Data915
916,Data916
917,Data917
918,Data918
919,Data919
920,Data920
921,Data921
922,Data922
923,Data923
924,Data924
925,Data925
926,Data926
927,Data927
928,Data928
929,Data929
930,Data930
931,Data931
932,Data932
933,Data933
934,Data934
935,Data935
936,Data936
937,Data937
938,Data938
939,Data939
940,Data940
941,Data941
942,Data942
943,Data943
944,Data944
945,Data945
946,Data946
947,Data947
948,Data948
949,Data949
950,Data950
951,Data951
952,Data952
953,Data953
954,Data954
955,Data955
956,Data956
957,Data957
958,Data958
959,Data959
960,Data960
961,Data961
962,Data962
963,Data963
964,Data964
965,Data965
966,Data966
967,Data967
968,Data968
969,Data969
970,Data970
971,Data971
972,Data972
973,Data973
974,Data974
975,Data975
976,Data976
977,Data977
978,Data978
979,Data979
980,Data980
981,Data981
982,Data982
983,Data983
984,Data984
985,Data985
986,Data986
987,Data987
988,Data988
989,Data989
990,Data990
991,Data991
992,Data992
993,Data993
994,Data994
995,Data995
996,Data996
997,Data997
998,Data998
999,Data999
1000,Data1000